Parameters;fold1;fold2;fold3;fold4;fold5
OCSVM_RBF_0.0001_scale_;{'-1': {'precision': 0.3888888888888889, 'recall': 0.026515151515151516, 'f1-score': 0.04964539007092199, 'support': 264}, '1': {'precision': 0.5029013539651838, 'recall': 0.959409594095941, 'f1-score': 0.6598984771573604, 'support': 271}, 'accuracy': 0.49906542056074765, 'macro avg': {'precision': 0.44589512142703636, 'recall': 0.4929623728055462, 'f1-score': 0.35477193361414117, 'support': 535}, 'weighted avg': {'precision': 0.44664099736678786, 'recall': 0.49906542056074765, 'f1-score': 0.35876424352965997, 'support': 535}};{'-1': {'precision': 0.42857142857142855, 'recall': 0.022727272727272728, 'f1-score': 0.04316546762589928, 'support': 264}, '1': {'precision': 0.5047984644913628, 'recall': 0.9704797047970479, 'f1-score': 0.6641414141414141, 'support': 271}, 'accuracy': 0.502803738317757, 'macro avg': {'precision': 0.4666849465313957, 'recall': 0.4966034887621603, 'f1-score': 0.3536534408836567, 'support': 535}, 'weighted avg': {'precision': 0.4671836280747971, 'recall': 0.502803738317757, 'f1-score': 0.3577159003468423, 'support': 535}};{'-1': {'precision': 0.46153846153846156, 'recall': 0.022727272727272728, 'f1-score': 0.04332129963898917, 'support': 264}, '1': {'precision': 0.5057471264367817, 'recall': 0.974169741697417, 'f1-score': 0.6658259773013873, 'support': 271}, 'accuracy': 0.5046728971962616, 'macro avg': {'precision': 0.4836427939876216, 'recall': 0.49844850721234485, 'f1-score': 0.3545736384701882, 'support': 535}, 'weighted avg': {'precision': 0.4839320095523769, 'recall': 0.5046728971962616, 'f1-score': 0.35864609897825994, 'support': 535}};{'-1': {'precision': 0.35714285714285715, 'recall': 0.01893939393939394, 'f1-score': 0.03597122302158273, 'support': 264}, '1': {'precision': 0.5019230769230769, 'recall': 0.9666666666666667, 'f1-score': 0.660759493670886, 'support': 270}, 'accuracy': 0.49812734082397003, 'macro avg': {'precision': 0.42953296703296706, 'recall': 0.4928030303030303, 'f1-score': 0.3483653583462344, 'support': 534}, 'weighted avg': {'precision': 0.4303463390542042, 'recall': 0.49812734082397003, 'f1-score': 0.35187540481055635, 'support': 534}};{'-1': {'precision': 0.5555555555555556, 'recall': 0.01893939393939394, 'f1-score': 0.03663003663003663, 'support': 264}, '1': {'precision': 0.5066666666666667, 'recall': 0.9851851851851852, 'f1-score': 0.669182389937107, 'support': 270}, 'accuracy': 0.5074906367041199, 'macro avg': {'precision': 0.5311111111111111, 'recall': 0.5020622895622896, 'f1-score': 0.3529062132835718, 'support': 534}, 'weighted avg': {'precision': 0.5308364544319601, 'recall': 0.5074906367041199, 'f1-score': 0.3564598781897913, 'support': 534}}
OCSVM_RBF_0.001_scale_;{'-1': {'precision': 0.4, 'recall': 0.022727272727272728, 'f1-score': 0.043010752688172046, 'support': 264}, '1': {'precision': 0.5038461538461538, 'recall': 0.966789667896679, 'f1-score': 0.6624525916561315, 'support': 271}, 'accuracy': 0.5009345794392523, 'macro avg': {'precision': 0.4519230769230769, 'recall': 0.49475847031197584, 'f1-score': 0.35273167217215173, 'support': 535}, 'weighted avg': {'precision': 0.4526024442846873, 'recall': 0.5009345794392523, 'f1-score': 0.3567840954177365, 'support': 535}};{'-1': {'precision': 0.46153846153846156, 'recall': 0.022727272727272728, 'f1-score': 0.04332129963898917, 'support': 264}, '1': {'precision': 0.5057471264367817, 'recall': 0.974169741697417, 'f1-score': 0.6658259773013873, 'support': 271}, 'accuracy': 0.5046728971962616, 'macro avg': {'precision': 0.4836427939876216, 'recall': 0.49844850721234485, 'f1-score': 0.3545736384701882, 'support': 535}, 'weighted avg': {'precision': 0.4839320095523769, 'recall': 0.5046728971962616, 'f1-score': 0.35864609897825994, 'support': 535}};{'-1': {'precision': 0.6, 'recall': 0.022727272727272728, 'f1-score': 0.043795620437956206, 'support': 264}, '1': {'precision': 0.5085714285714286, 'recall': 0.985239852398524, 'f1-score': 0.6708542713567838, 'support': 271}, 'accuracy': 0.5102803738317757, 'macro avg': {'precision': 0.5542857142857143, 'recall': 0.5039835625628983, 'f1-score': 0.35732494589736996, 'support': 535}, 'weighted avg': {'precision': 0.5536875834445928, 'recall': 0.5102803738317757, 'f1-score': 0.36142719875384827, 'support': 535}};{'-1': {'precision': 0.4166666666666667, 'recall': 0.01893939393939394, 'f1-score': 0.036231884057971016, 'support': 264}, '1': {'precision': 0.5038314176245211, 'recall': 0.9740740740740741, 'f1-score': 0.6641414141414141, 'support': 270}, 'accuracy': 0.50187265917603, 'macro avg': {'precision': 0.4602490421455939, 'recall': 0.496506734006734, 'f1-score': 0.3501866490996926, 'support': 534}, 'weighted avg': {'precision': 0.4607387317577167, 'recall': 0.50187265917603, 'f1-score': 0.3537142307293748, 'support': 534}};{'-1': {'precision': 0.5, 'recall': 0.01893939393939394, 'f1-score': 0.03649635036496351, 'support': 264}, '1': {'precision': 0.5057251908396947, 'recall': 0.9814814814814815, 'f1-score': 0.6675062972292193, 'support': 270}, 'accuracy': 0.5056179775280899, 'macro avg': {'precision': 0.5028625954198473, 'recall': 0.5002104377104377, 'f1-score': 0.35200132379709137, 'support': 534}, 'weighted avg': {'precision': 0.5028947594133288, 'recall': 0.5056179775280899, 'f1-score': 0.355546323498576, 'support': 534}}
OCSVM_RBF_0.005_scale_;{'-1': {'precision': 0.375, 'recall': 0.022727272727272728, 'f1-score': 0.04285714285714286, 'support': 264}, '1': {'precision': 0.5028901734104047, 'recall': 0.9630996309963099, 'f1-score': 0.660759493670886, 'support': 271}, 'accuracy': 0.49906542056074765, 'macro avg': {'precision': 0.4389450867052023, 'recall': 0.4929134518617913, 'f1-score': 0.35180831826401443, 'support': 535}, 'weighted avg': {'precision': 0.4397817513910648, 'recall': 0.49906542056074765, 'f1-score': 0.3558506700917679, 'support': 535}};{'-1': {'precision': 0.46153846153846156, 'recall': 0.022727272727272728, 'f1-score': 0.04332129963898917, 'support': 264}, '1': {'precision': 0.5057471264367817, 'recall': 0.974169741697417, 'f1-score': 0.6658259773013873, 'support': 271}, 'accuracy': 0.5046728971962616, 'macro avg': {'precision': 0.4836427939876216, 'recall': 0.49844850721234485, 'f1-score': 0.3545736384701882, 'support': 535}, 'weighted avg': {'precision': 0.4839320095523769, 'recall': 0.5046728971962616, 'f1-score': 0.35864609897825994, 'support': 535}};{'-1': {'precision': 0.5, 'recall': 0.022727272727272728, 'f1-score': 0.04347826086956522, 'support': 264}, '1': {'precision': 0.5066921606118547, 'recall': 0.977859778597786, 'f1-score': 0.6675062972292192, 'support': 271}, 'accuracy': 0.5065420560747663, 'macro avg': {'precision': 0.5033460803059273, 'recall': 0.5002935256625294, 'f1-score': 0.3554922790493922, 'support': 535}, 'weighted avg': {'precision': 0.5033898607959115, 'recall': 0.5065420560747663, 'f1-score': 0.35957470545548337, 'support': 535}};{'-1': {'precision': 0.4166666666666667, 'recall': 0.01893939393939394, 'f1-score': 0.036231884057971016, 'support': 264}, '1': {'precision': 0.5038314176245211, 'recall': 0.9740740740740741, 'f1-score': 0.6641414141414141, 'support': 270}, 'accuracy': 0.50187265917603, 'macro avg': {'precision': 0.4602490421455939, 'recall': 0.496506734006734, 'f1-score': 0.3501866490996926, 'support': 534}, 'weighted avg': {'precision': 0.4607387317577167, 'recall': 0.50187265917603, 'f1-score': 0.3537142307293748, 'support': 534}};{'-1': {'precision': 0.5555555555555556, 'recall': 0.01893939393939394, 'f1-score': 0.03663003663003663, 'support': 264}, '1': {'precision': 0.5066666666666667, 'recall': 0.9851851851851852, 'f1-score': 0.669182389937107, 'support': 270}, 'accuracy': 0.5074906367041199, 'macro avg': {'precision': 0.5311111111111111, 'recall': 0.5020622895622896, 'f1-score': 0.3529062132835718, 'support': 534}, 'weighted avg': {'precision': 0.5308364544319601, 'recall': 0.5074906367041199, 'f1-score': 0.3564598781897913, 'support': 534}}
OCSVM_RBF_0.01_scale_;{'-1': {'precision': 0.2857142857142857, 'recall': 0.022727272727272728, 'f1-score': 0.042105263157894736, 'support': 264}, '1': {'precision': 0.4980544747081712, 'recall': 0.9446494464944649, 'f1-score': 0.6522292993630573, 'support': 271}, 'accuracy': 0.4897196261682243, 'macro avg': {'precision': 0.39188438021122846, 'recall': 0.4836883596108688, 'f1-score': 0.347167281260476, 'support': 535}, 'weighted avg': {'precision': 0.3932735216345529, 'recall': 0.4897196261682243, 'f1-score': 0.35115874691789295, 'support': 535}};{'-1': {'precision': 0.46153846153846156, 'recall': 0.022727272727272728, 'f1-score': 0.04332129963898917, 'support': 264}, '1': {'precision': 0.5057471264367817, 'recall': 0.974169741697417, 'f1-score': 0.6658259773013873, 'support': 271}, 'accuracy': 0.5046728971962616, 'macro avg': {'precision': 0.4836427939876216, 'recall': 0.49844850721234485, 'f1-score': 0.3545736384701882, 'support': 535}, 'weighted avg': {'precision': 0.4839320095523769, 'recall': 0.5046728971962616, 'f1-score': 0.35864609897825994, 'support': 535}};{'-1': {'precision': 0.6, 'recall': 0.022727272727272728, 'f1-score': 0.043795620437956206, 'support': 264}, '1': {'precision': 0.5085714285714286, 'recall': 0.985239852398524, 'f1-score': 0.6708542713567838, 'support': 271}, 'accuracy': 0.5102803738317757, 'macro avg': {'precision': 0.5542857142857143, 'recall': 0.5039835625628983, 'f1-score': 0.35732494589736996, 'support': 535}, 'weighted avg': {'precision': 0.5536875834445928, 'recall': 0.5102803738317757, 'f1-score': 0.36142719875384827, 'support': 535}};{'-1': {'precision': 0.4166666666666667, 'recall': 0.01893939393939394, 'f1-score': 0.036231884057971016, 'support': 264}, '1': {'precision': 0.5038314176245211, 'recall': 0.9740740740740741, 'f1-score': 0.6641414141414141, 'support': 270}, 'accuracy': 0.50187265917603, 'macro avg': {'precision': 0.4602490421455939, 'recall': 0.496506734006734, 'f1-score': 0.3501866490996926, 'support': 534}, 'weighted avg': {'precision': 0.4607387317577167, 'recall': 0.50187265917603, 'f1-score': 0.3537142307293748, 'support': 534}};{'-1': {'precision': 0.5, 'recall': 0.01893939393939394, 'f1-score': 0.03649635036496351, 'support': 264}, '1': {'precision': 0.5057251908396947, 'recall': 0.9814814814814815, 'f1-score': 0.6675062972292193, 'support': 270}, 'accuracy': 0.5056179775280899, 'macro avg': {'precision': 0.5028625954198473, 'recall': 0.5002104377104377, 'f1-score': 0.35200132379709137, 'support': 534}, 'weighted avg': {'precision': 0.5028947594133288, 'recall': 0.5056179775280899, 'f1-score': 0.355546323498576, 'support': 534}}
OCSVM_RBF_0.05_scale_;{'-1': {'precision': 0.358974358974359, 'recall': 0.05303030303030303, 'f1-score': 0.0924092409240924, 'support': 264}, '1': {'precision': 0.4959677419354839, 'recall': 0.9077490774907749, 'f1-score': 0.6414602346805737, 'support': 271}, 'accuracy': 0.48598130841121495, 'macro avg': {'precision': 0.4274710504549214, 'recall': 0.48038969026053896, 'f1-score': 0.36693473780233304, 'support': 535}, 'weighted avg': {'precision': 0.42836726884812504, 'recall': 0.48598130841121495, 'f1-score': 0.37052666019139413, 'support': 535}};{'-1': {'precision': 0.3793103448275862, 'recall': 0.041666666666666664, 'f1-score': 0.0750853242320819, 'support': 264}, '1': {'precision': 0.5, 'recall': 0.933579335793358, 'f1-score': 0.6512226512226512, 'support': 271}, 'accuracy': 0.4934579439252336, 'macro avg': {'precision': 0.4396551724137931, 'recall': 0.4876230012300123, 'f1-score': 0.36315398772736657, 'support': 535}, 'weighted avg': {'precision': 0.4404447309055752, 'recall': 0.4934579439252336, 'f1-score': 0.36692311042730485, 'support': 535}};{'-1': {'precision': 0.44, 'recall': 0.041666666666666664, 'f1-score': 0.07612456747404844, 'support': 264}, '1': {'precision': 0.503921568627451, 'recall': 0.948339483394834, 'f1-score': 0.6581306017925737, 'support': 271}, 'accuracy': 0.5009345794392523, 'macro avg': {'precision': 0.47196078431372546, 'recall': 0.4950030750307503, 'f1-score': 0.3671275846333111, 'support': 535}, 'weighted avg': {'precision': 0.4723789628000733, 'recall': 0.5009345794392523, 'f1-score': 0.37093510074567526, 'support': 535}};{'-1': {'precision': 0.46875, 'recall': 0.056818181818181816, 'f1-score': 0.10135135135135136, 'support': 264}, '1': {'precision': 0.5039840637450199, 'recall': 0.937037037037037, 'f1-score': 0.655440414507772, 'support': 270}, 'accuracy': 0.50187265917603, 'macro avg': {'precision': 0.48636703187250996, 'recall': 0.4969276094276094, 'f1-score': 0.37839588292956167, 'support': 534}, 'weighted avg': {'precision': 0.4865649760508528, 'recall': 0.50187265917603, 'f1-score': 0.3815087428349348, 'support': 534}};{'-1': {'precision': 0.5789473684210527, 'recall': 0.041666666666666664, 'f1-score': 0.07773851590106007, 'support': 264}, '1': {'precision': 0.5087378640776699, 'recall': 0.9703703703703703, 'f1-score': 0.6675159235668789, 'support': 270}, 'accuracy': 0.5112359550561798, 'macro avg': {'precision': 0.5438426162493613, 'recall': 0.5060185185185185, 'f1-score': 0.3726272197339695, 'support': 534}, 'weighted avg': {'precision': 0.5434481808317018, 'recall': 0.5112359550561798, 'f1-score': 0.3759405759568112, 'support': 534}}
OCSVM_RBF_0.1_scale_;{'-1': {'precision': 0.4230769230769231, 'recall': 0.08333333333333333, 'f1-score': 0.13924050632911392, 'support': 264}, '1': {'precision': 0.4989648033126294, 'recall': 0.8892988929889298, 'f1-score': 0.6392572944297081, 'support': 271}, 'accuracy': 0.491588785046729, 'macro avg': {'precision': 0.4610208631947762, 'recall': 0.4863161131611316, 'f1-score': 0.389248900379411, 'support': 535}, 'weighted avg': {'precision': 0.46151732596267336, 'recall': 0.491588785046729, 'f1-score': 0.3925200382454897, 'support': 535}};{'-1': {'precision': 0.46808510638297873, 'recall': 0.08333333333333333, 'f1-score': 0.1414790996784566, 'support': 264}, '1': {'precision': 0.5040983606557377, 'recall': 0.9077490774907749, 'f1-score': 0.6482213438735177, 'support': 271}, 'accuracy': 0.5009345794392523, 'macro avg': {'precision': 0.4860917335193582, 'recall': 0.49554120541205415, 'f1-score': 0.39485022177598716, 'support': 535}, 'weighted avg': {'precision': 0.4863273342482454, 'recall': 0.5009345794392523, 'f1-score': 0.39816535795296415, 'support': 535}};{'-1': {'precision': 0.47540983606557374, 'recall': 0.10984848484848485, 'f1-score': 0.17846153846153845, 'support': 264}, '1': {'precision': 0.5042194092827004, 'recall': 0.8819188191881919, 'f1-score': 0.6416107382550336, 'support': 271}, 'accuracy': 0.5009345794392523, 'macro avg': {'precision': 0.48981462267413706, 'recall': 0.4958836520183384, 'f1-score': 0.410036138358286, 'support': 535}, 'weighted avg': {'precision': 0.49000309651761353, 'recall': 0.5009345794392523, 'f1-score': 0.4130660863943182, 'support': 535}};{'-1': {'precision': 0.43636363636363634, 'recall': 0.09090909090909091, 'f1-score': 0.1504702194357367, 'support': 264}, '1': {'precision': 0.4989561586638831, 'recall': 0.8851851851851852, 'f1-score': 0.6381842456608812, 'support': 270}, 'accuracy': 0.49250936329588013, 'macro avg': {'precision': 0.4676598975137597, 'recall': 0.48804713804713806, 'f1-score': 0.3943272325483089, 'support': 534}, 'weighted avg': {'precision': 0.46801154089746894, 'recall': 0.49250936329588013, 'f1-score': 0.39706719898777604, 'support': 534}};{'-1': {'precision': 0.4878048780487805, 'recall': 0.07575757575757576, 'f1-score': 0.13114754098360656, 'support': 264}, '1': {'precision': 0.5050709939148073, 'recall': 0.9222222222222223, 'f1-score': 0.6526867627785058, 'support': 270}, 'accuracy': 0.5037453183520599, 'macro avg': {'precision': 0.49643793598179387, 'recall': 0.49898989898989904, 'f1-score': 0.3919171518810562, 'support': 534}, 'weighted avg': {'precision': 0.49653493663272663, 'recall': 0.5037453183520599, 'f1-score': 0.39484714750911737, 'support': 534}}
OCSVM_RBF_0.2_scale_;{'-1': {'precision': 0.5357142857142857, 'recall': 0.22727272727272727, 'f1-score': 0.3191489361702128, 'support': 264}, '1': {'precision': 0.5177304964539007, 'recall': 0.8081180811808119, 'f1-score': 0.6311239193083573, 'support': 271}, 'accuracy': 0.5214953271028038, 'macro avg': {'precision': 0.5267223910840932, 'recall': 0.5176954042267695, 'f1-score': 0.47513642773928505, 'support': 535}, 'weighted avg': {'precision': 0.526604740126315, 'recall': 0.5214953271028038, 'f1-score': 0.47717738557289907, 'support': 535}};{'-1': {'precision': 0.5178571428571429, 'recall': 0.2196969696969697, 'f1-score': 0.30851063829787234, 'support': 264}, '1': {'precision': 0.5130023640661938, 'recall': 0.8007380073800738, 'f1-score': 0.6253602305475504, 'support': 271}, 'accuracy': 0.514018691588785, 'macro avg': {'precision': 0.5154297534616683, 'recall': 0.5102174885385218, 'f1-score': 0.46693543442271135, 'support': 535}, 'weighted avg': {'precision': 0.5153979932265873, 'recall': 0.514018691588785, 'f1-score': 0.46900828222247565, 'support': 535}};{'-1': {'precision': 0.5169491525423728, 'recall': 0.23106060606060605, 'f1-score': 0.31937172774869105, 'support': 264}, '1': {'precision': 0.513189448441247, 'recall': 0.7896678966789668, 'f1-score': 0.622093023255814, 'support': 271}, 'accuracy': 0.514018691588785, 'macro avg': {'precision': 0.5150693004918099, 'recall': 0.5103642513697864, 'f1-score': 0.4707323755022525, 'support': 535}, 'weighted avg': {'precision': 0.5150447042967559, 'recall': 0.514018691588785, 'f1-score': 0.47271279519248605, 'support': 535}};{'-1': {'precision': 0.5042735042735043, 'recall': 0.22348484848484848, 'f1-score': 0.3097112860892388, 'support': 264}, '1': {'precision': 0.5083932853717026, 'recall': 0.7851851851851852, 'f1-score': 0.6171761280931586, 'support': 270}, 'accuracy': 0.5074906367041199, 'macro avg': {'precision': 0.5063333948226034, 'recall': 0.5043350168350168, 'f1-score': 0.4634437070911987, 'support': 534}, 'weighted avg': {'precision': 0.5063565396602338, 'recall': 0.5074906367041199, 'f1-score': 0.46517103766425444, 'support': 534}};{'-1': {'precision': 0.5169491525423728, 'recall': 0.23106060606060605, 'f1-score': 0.31937172774869105, 'support': 264}, '1': {'precision': 0.5120192307692307, 'recall': 0.7888888888888889, 'f1-score': 0.6209912536443148, 'support': 270}, 'accuracy': 0.5131086142322098, 'macro avg': {'precision': 0.5144841916558018, 'recall': 0.5099747474747475, 'f1-score': 0.47018149069650295, 'support': 534}, 'weighted avg': {'precision': 0.5144564954660651, 'recall': 0.5131086142322098, 'f1-score': 0.4718759824150177, 'support': 534}}
OCSVM_RBF_0.3_scale_;{'-1': {'precision': 0.49122807017543857, 'recall': 0.3181818181818182, 'f1-score': 0.3862068965517242, 'support': 264}, '1': {'precision': 0.5054945054945055, 'recall': 0.6789667896678967, 'f1-score': 0.5795275590551181, 'support': 271}, 'accuracy': 0.5009345794392523, 'macro avg': {'precision': 0.498361287834972, 'recall': 0.49857430392485746, 'f1-score': 0.4828672278034212, 'support': 535}, 'weighted avg': {'precision': 0.49845461965481636, 'recall': 0.5009345794392523, 'f1-score': 0.4841319424179293, 'support': 535}};{'-1': {'precision': 0.5256410256410257, 'recall': 0.3106060606060606, 'f1-score': 0.3904761904761905, 'support': 264}, '1': {'precision': 0.5197889182058048, 'recall': 0.7269372693726938, 'f1-score': 0.6061538461538462, 'support': 271}, 'accuracy': 0.5214953271028038, 'macro avg': {'precision': 0.5227149719234152, 'recall': 0.5187716649893772, 'f1-score': 0.49831501831501834, 'support': 535}, 'weighted avg': {'precision': 0.5226766871084184, 'recall': 0.5214953271028038, 'f1-score': 0.49972599363253567, 'support': 535}};{'-1': {'precision': 0.5, 'recall': 0.3143939393939394, 'f1-score': 0.38604651162790693, 'support': 264}, '1': {'precision': 0.5094850948509485, 'recall': 0.6937269372693727, 'f1-score': 0.5875, 'support': 271}, 'accuracy': 0.5065420560747663, 'macro avg': {'precision': 0.5047425474254743, 'recall': 0.504060438331656, 'f1-score': 0.4867732558139535, 'support': 535}, 'weighted avg': {'precision': 0.5048045994478637, 'recall': 0.5065420560747663, 'f1-score': 0.48809117583134104, 'support': 535}};{'-1': {'precision': 0.47928994082840237, 'recall': 0.3068181818181818, 'f1-score': 0.37413394919168586, 'support': 264}, '1': {'precision': 0.4986301369863014, 'recall': 0.674074074074074, 'f1-score': 0.573228346456693, 'support': 270}, 'accuracy': 0.49250936329588013, 'macro avg': {'precision': 0.48896003890735185, 'recall': 0.49044612794612796, 'f1-score': 0.4736811478241894, 'support': 534}, 'weighted avg': {'precision': 0.48906869169475575, 'recall': 0.49250936329588013, 'f1-score': 0.47479965567399285, 'support': 534}};{'-1': {'precision': 0.49101796407185627, 'recall': 0.3106060606060606, 'f1-score': 0.3805104408352668, 'support': 264}, '1': {'precision': 0.5040871934604905, 'recall': 0.6851851851851852, 'f1-score': 0.5808477237048666, 'support': 270}, 'accuracy': 0.5, 'macro avg': {'precision': 0.49755257876617337, 'recall': 0.49789562289562295, 'f1-score': 0.4806790822700667, 'support': 534}, 'weighted avg': {'precision': 0.4976260014031882, 'recall': 0.5, 'f1-score': 0.48180457262326676, 'support': 534}}
OCSVM_RBF_0.4_scale_;{'-1': {'precision': 0.49038461538461536, 'recall': 0.38636363636363635, 'f1-score': 0.4322033898305085, 'support': 264}, '1': {'precision': 0.5045871559633027, 'recall': 0.6088560885608856, 'f1-score': 0.5518394648829432, 'support': 271}, 'accuracy': 0.49906542056074765, 'macro avg': {'precision': 0.497485885673959, 'recall': 0.49760986246226097, 'f1-score': 0.4920214273567258, 'support': 535}, 'weighted avg': {'precision': 0.49757879949082895, 'recall': 0.49906542056074765, 'f1-score': 0.4928040932682838, 'support': 535}};{'-1': {'precision': 0.5049019607843137, 'recall': 0.39015151515151514, 'f1-score': 0.44017094017094016, 'support': 264}, '1': {'precision': 0.513595166163142, 'recall': 0.6273062730627307, 'f1-score': 0.5647840531561462, 'support': 271}, 'accuracy': 0.5102803738317757, 'macro avg': {'precision': 0.5092485634737278, 'recall': 0.5087288941071229, 'f1-score': 0.5024774966635432, 'support': 535}, 'weighted avg': {'precision': 0.5093054349107856, 'recall': 0.5102803738317757, 'f1-score': 0.5032927226363436, 'support': 535}};{'-1': {'precision': 0.4796380090497738, 'recall': 0.4015151515151515, 'f1-score': 0.4371134020618557, 'support': 264}, '1': {'precision': 0.4968152866242038, 'recall': 0.5756457564575646, 'f1-score': 0.5333333333333333, 'support': 271}, 'accuracy': 0.4897196261682243, 'macro avg': {'precision': 0.48822664783698877, 'recall': 0.488580453986358, 'f1-score': 0.48522336769759455, 'support': 535}, 'weighted avg': {'precision': 0.48833902255009254, 'recall': 0.4897196261682243, 'f1-score': 0.4858528438834827, 'support': 535}};{'-1': {'precision': 0.4694835680751174, 'recall': 0.3787878787878788, 'f1-score': 0.41928721174004197, 'support': 264}, '1': {'precision': 0.48909657320872274, 'recall': 0.5814814814814815, 'f1-score': 0.5313028764805415, 'support': 270}, 'accuracy': 0.4812734082397004, 'macro avg': {'precision': 0.4792900706419201, 'recall': 0.48013468013468014, 'f1-score': 0.4752950441102918, 'support': 534}, 'weighted avg': {'precision': 0.479400256064019, 'recall': 0.4812734082397004, 'f1-score': 0.47592434559759794, 'support': 534}};{'-1': {'precision': 0.4608294930875576, 'recall': 0.3787878787878788, 'f1-score': 0.41580041580041577, 'support': 264}, '1': {'precision': 0.48264984227129337, 'recall': 0.5666666666666667, 'f1-score': 0.5212947189097105, 'support': 270}, 'accuracy': 0.4737827715355805, 'macro avg': {'precision': 0.4717396676794255, 'recall': 0.4727272727272727, 'f1-score': 0.4685475673550631, 'support': 534}, 'weighted avg': {'precision': 0.4718622539107948, 'recall': 0.4737827715355805, 'f1-score': 0.4691402319792726, 'support': 534}}
OCSVM_RBF_0.5_scale_;{'-1': {'precision': 0.4774436090225564, 'recall': 0.4810606060606061, 'f1-score': 0.479245283018868, 'support': 264}, '1': {'precision': 0.49070631970260226, 'recall': 0.4870848708487085, 'f1-score': 0.4888888888888889, 'support': 271}, 'accuracy': 0.48411214953271026, 'macro avg': {'precision': 0.48407496436257935, 'recall': 0.48407273845465726, 'f1-score': 0.48406708595387843, 'support': 535}, 'weighted avg': {'precision': 0.48416172975955163, 'recall': 0.48411214953271026, 'f1-score': 0.484130174964243, 'support': 535}};{'-1': {'precision': 0.4939759036144578, 'recall': 0.4659090909090909, 'f1-score': 0.47953216374269003, 'support': 264}, '1': {'precision': 0.506993006993007, 'recall': 0.5350553505535055, 'f1-score': 0.5206463195691202, 'support': 271}, 'accuracy': 0.5009345794392523, 'macro avg': {'precision': 0.5004844553037324, 'recall': 0.5004822207312982, 'f1-score': 0.5000892416559051, 'support': 535}, 'weighted avg': {'precision': 0.5005696139239658, 'recall': 0.5009345794392523, 'f1-score': 0.5003582127687883, 'support': 535}};{'-1': {'precision': 0.4752851711026616, 'recall': 0.4734848484848485, 'f1-score': 0.47438330170777987, 'support': 264}, '1': {'precision': 0.4889705882352941, 'recall': 0.4907749077490775, 'f1-score': 0.4898710865561694, 'support': 271}, 'accuracy': 0.4822429906542056, 'macro avg': {'precision': 0.48212787966897785, 'recall': 0.482129878116963, 'f1-score': 0.48212719413197463, 'support': 535}, 'weighted avg': {'precision': 0.48221741043526606, 'recall': 0.4822429906542056, 'f1-score': 0.4822285160889267, 'support': 535}};{'-1': {'precision': 0.47547169811320755, 'recall': 0.4772727272727273, 'f1-score': 0.4763705103969755, 'support': 264}, '1': {'precision': 0.48698884758364314, 'recall': 0.48518518518518516, 'f1-score': 0.4860853432282004, 'support': 270}, 'accuracy': 0.4812734082397004, 'macro avg': {'precision': 0.48123027284842534, 'recall': 0.48122895622895623, 'f1-score': 0.48122792681258797, 'support': 534}, 'weighted avg': {'precision': 0.481294975935338, 'recall': 0.4812734082397004, 'f1-score': 0.4812825045251229, 'support': 534}};{'-1': {'precision': 0.47126436781609193, 'recall': 0.4659090909090909, 'f1-score': 0.4685714285714286, 'support': 264}, '1': {'precision': 0.4835164835164835, 'recall': 0.4888888888888889, 'f1-score': 0.4861878453038674, 'support': 270}, 'accuracy': 0.47752808988764045, 'macro avg': {'precision': 0.47739042566628775, 'recall': 0.4773989898989899, 'f1-score': 0.47737963693764796, 'support': 534}, 'weighted avg': {'precision': 0.4774592577769641, 'recall': 0.47752808988764045, 'f1-score': 0.4774786055709763, 'support': 534}}
OCSVM_RBF_0.6_scale_;{'-1': {'precision': 0.48, 'recall': 0.5909090909090909, 'f1-score': 0.5297113752122241, 'support': 264}, '1': {'precision': 0.4857142857142857, 'recall': 0.3763837638376384, 'f1-score': 0.4241164241164241, 'support': 271}, 'accuracy': 0.4822429906542056, 'macro avg': {'precision': 0.4828571428571429, 'recall': 0.48364642737336466, 'f1-score': 0.47691389966432407, 'support': 535}, 'weighted avg': {'precision': 0.4828945260347129, 'recall': 0.4822429906542056, 'f1-score': 0.47622309157304316, 'support': 535}};{'-1': {'precision': 0.5016077170418006, 'recall': 0.5909090909090909, 'f1-score': 0.5426086956521738, 'support': 264}, '1': {'precision': 0.5178571428571429, 'recall': 0.4280442804428044, 'f1-score': 0.46868686868686865, 'support': 271}, 'accuracy': 0.508411214953271, 'macro avg': {'precision': 0.5097324299494718, 'recall': 0.5094766856759476, 'f1-score': 0.5056477821695212, 'support': 535}, 'weighted avg': {'precision': 0.5098387346043384, 'recall': 0.508411214953271, 'f1-score': 0.505164181432365, 'support': 535}};{'-1': {'precision': 0.49375, 'recall': 0.5984848484848485, 'f1-score': 0.541095890410959, 'support': 264}, '1': {'precision': 0.5069767441860465, 'recall': 0.4022140221402214, 'f1-score': 0.448559670781893, 'support': 271}, 'accuracy': 0.49906542056074765, 'macro avg': {'precision': 0.5003633720930233, 'recall': 0.500349435312535, 'f1-score': 0.49482778059642596, 'support': 535}, 'weighted avg': {'precision': 0.5004499021951749, 'recall': 0.49906542056074765, 'f1-score': 0.4942224034586657, 'support': 535}};{'-1': {'precision': 0.4838709677419355, 'recall': 0.5681818181818182, 'f1-score': 0.5226480836236933, 'support': 264}, '1': {'precision': 0.49107142857142855, 'recall': 0.4074074074074074, 'f1-score': 0.44534412955465585, 'support': 270}, 'accuracy': 0.4868913857677903, 'macro avg': {'precision': 0.48747119815668205, 'recall': 0.4877946127946128, 'f1-score': 0.4839961065891746, 'support': 534}, 'weighted avg': {'precision': 0.4875116501838139, 'recall': 0.4868913857677903, 'f1-score': 0.48356181471238224, 'support': 534}};{'-1': {'precision': 0.48742138364779874, 'recall': 0.5871212121212122, 'f1-score': 0.5326460481099656, 'support': 264}, '1': {'precision': 0.49537037037037035, 'recall': 0.3962962962962963, 'f1-score': 0.4403292181069959, 'support': 270}, 'accuracy': 0.49063670411985016, 'macro avg': {'precision': 0.49139587700908455, 'recall': 0.49170875420875426, 'f1-score': 0.48648763310848075, 'support': 534}, 'weighted avg': {'precision': 0.49144053423786305, 'recall': 0.49063670411985016, 'f1-score': 0.4859689992320596, 'support': 534}}
OCSVM_RBF_0.7_scale_;{'-1': {'precision': 0.49206349206349204, 'recall': 0.7045454545454546, 'f1-score': 0.5794392523364486, 'support': 264}, '1': {'precision': 0.5031847133757962, 'recall': 0.2915129151291513, 'f1-score': 0.36915887850467294, 'support': 271}, 'accuracy': 0.4953271028037383, 'macro avg': {'precision': 0.4976241027196441, 'recall': 0.49802918483730296, 'f1-score': 0.4742990654205608, 'support': 535}, 'weighted avg': {'precision': 0.4976968583730891, 'recall': 0.4953271028037383, 'f1-score': 0.4729233994235304, 'support': 535}};{'-1': {'precision': 0.4918918918918919, 'recall': 0.6893939393939394, 'f1-score': 0.5741324921135647, 'support': 264}, '1': {'precision': 0.503030303030303, 'recall': 0.3062730627306273, 'f1-score': 0.3807339449541285, 'support': 271}, 'accuracy': 0.4953271028037383, 'macro avg': {'precision': 0.49746109746109746, 'recall': 0.4978335010622834, 'f1-score': 0.47743321853384657, 'support': 535}, 'weighted avg': {'precision': 0.4975339655713487, 'recall': 0.4953271028037383, 'f1-score': 0.4761679943935512, 'support': 535}};{'-1': {'precision': 0.484375, 'recall': 0.7045454545454546, 'f1-score': 0.5740740740740741, 'support': 264}, '1': {'precision': 0.48344370860927155, 'recall': 0.2693726937269373, 'f1-score': 0.3459715639810427, 'support': 271}, 'accuracy': 0.48411214953271026, 'macro avg': {'precision': 0.4839093543046358, 'recall': 0.48695907413619594, 'f1-score': 0.46002281902755837, 'support': 535}, 'weighted avg': {'precision': 0.48390326174413567, 'recall': 0.48411214953271026, 'f1-score': 0.4585305596157348, 'support': 535}};{'-1': {'precision': 0.4946524064171123, 'recall': 0.7007575757575758, 'f1-score': 0.5799373040752352, 'support': 264}, '1': {'precision': 0.50625, 'recall': 0.3, 'f1-score': 0.3767441860465116, 'support': 270}, 'accuracy': 0.49812734082397003, 'macro avg': {'precision': 0.5004512032085562, 'recall': 0.5003787878787879, 'f1-score': 0.47834074506087343, 'support': 534}, 'weighted avg': {'precision': 0.5005163582286848, 'recall': 0.49812734082397003, 'f1-score': 0.47719921068992555, 'support': 534}};{'-1': {'precision': 0.5027777777777778, 'recall': 0.6856060606060606, 'f1-score': 0.5801282051282051, 'support': 264}, '1': {'precision': 0.5229885057471264, 'recall': 0.337037037037037, 'f1-score': 0.4099099099099099, 'support': 270}, 'accuracy': 0.5093632958801498, 'macro avg': {'precision': 0.5128831417624521, 'recall': 0.5113215488215488, 'f1-score': 0.4950190575190575, 'support': 534}, 'weighted avg': {'precision': 0.5129966851780101, 'recall': 0.5093632958801498, 'f1-score': 0.49406277496165135, 'support': 534}}
OCSVM_RBF_0.8_scale_;{'-1': {'precision': 0.47961630695443647, 'recall': 0.7575757575757576, 'f1-score': 0.5873715124816447, 'support': 264}, '1': {'precision': 0.4576271186440678, 'recall': 0.1992619926199262, 'f1-score': 0.2776349614395887, 'support': 271}, 'accuracy': 0.4747663551401869, 'macro avg': {'precision': 0.46862171279925213, 'recall': 0.47841887509784187, 'f1-score': 0.43250323696061665, 'support': 535}, 'weighted avg': {'precision': 0.4684778582962871, 'recall': 0.4747663551401869, 'f1-score': 0.43047692307529484, 'support': 535}};{'-1': {'precision': 0.4844124700239808, 'recall': 0.7651515151515151, 'f1-score': 0.593245227606461, 'support': 264}, '1': {'precision': 0.4745762711864407, 'recall': 0.2066420664206642, 'f1-score': 0.2879177377892031, 'support': 271}, 'accuracy': 0.4822429906542056, 'macro avg': {'precision': 0.4794943706052107, 'recall': 0.48589679078608966, 'f1-score': 0.44058148269783204, 'support': 535}, 'weighted avg': {'precision': 0.47943002164085297, 'recall': 0.4822429906542056, 'f1-score': 0.4385840131382799, 'support': 535}};{'-1': {'precision': 0.48009367681498827, 'recall': 0.7765151515151515, 'f1-score': 0.5933429811866859, 'support': 264}, '1': {'precision': 0.4537037037037037, 'recall': 0.18081180811808117, 'f1-score': 0.25857519788918204, 'support': 271}, 'accuracy': 0.4747663551401869, 'macro avg': {'precision': 0.466898690259346, 'recall': 0.47866347981661633, 'f1-score': 0.425959089537934, 'support': 535}, 'weighted avg': {'precision': 0.4667260455754404, 'recall': 0.4747663551401869, 'f1-score': 0.4237690199275765, 'support': 535}};{'-1': {'precision': 0.47877358490566035, 'recall': 0.7689393939393939, 'f1-score': 0.5901162790697674, 'support': 264}, '1': {'precision': 0.44545454545454544, 'recall': 0.1814814814814815, 'f1-score': 0.2578947368421053, 'support': 270}, 'accuracy': 0.47191011235955055, 'macro avg': {'precision': 0.4621140651801029, 'recall': 0.4752104377104377, 'f1-score': 0.42400550795593633, 'support': 534}, 'weighted avg': {'precision': 0.461926879565209, 'recall': 0.47191011235955055, 'f1-score': 0.422139094797354, 'support': 534}};{'-1': {'precision': 0.49627791563275436, 'recall': 0.7575757575757576, 'f1-score': 0.5997001499250375, 'support': 264}, '1': {'precision': 0.5114503816793893, 'recall': 0.24814814814814815, 'f1-score': 0.3341645885286783, 'support': 270}, 'accuracy': 0.5, 'macro avg': {'precision': 0.5038641486560718, 'recall': 0.5028619528619529, 'f1-score': 0.4669323692268579, 'support': 534}, 'weighted avg': {'precision': 0.5039493872293676, 'recall': 0.5, 'f1-score': 0.46544059641002444, 'support': 534}}
OCSVM_RBF_0.9_scale_;{'-1': {'precision': 0.48140495867768596, 'recall': 0.8825757575757576, 'f1-score': 0.6229946524064172, 'support': 264}, '1': {'precision': 0.39215686274509803, 'recall': 0.07380073800738007, 'f1-score': 0.12422360248447205, 'support': 271}, 'accuracy': 0.47289719626168225, 'macro avg': {'precision': 0.436780910711392, 'recall': 0.4781882477915688, 'f1-score': 0.3736091274454446, 'support': 535}, 'weighted avg': {'precision': 0.4361970446632349, 'recall': 0.47289719626168225, 'f1-score': 0.37034613926838517, 'support': 535}};{'-1': {'precision': 0.4925053533190578, 'recall': 0.8712121212121212, 'f1-score': 0.6292749658002735, 'support': 264}, '1': {'precision': 0.5, 'recall': 0.12546125461254612, 'f1-score': 0.20058997050147492, 'support': 271}, 'accuracy': 0.4934579439252336, 'macro avg': {'precision': 0.4962526766595289, 'recall': 0.49833668791233365, 'f1-score': 0.41493246815087426, 'support': 535}, 'weighted avg': {'precision': 0.49630170705837623, 'recall': 0.4934579439252336, 'f1-score': 0.4121279868732185, 'support': 535}};{'-1': {'precision': 0.48232848232848236, 'recall': 0.8787878787878788, 'f1-score': 0.6228187919463087, 'support': 264}, '1': {'precision': 0.4074074074074074, 'recall': 0.08118081180811808, 'f1-score': 0.13538461538461538, 'support': 271}, 'accuracy': 0.4747663551401869, 'macro avg': {'precision': 0.4448679448679449, 'recall': 0.47998434529799844, 'f1-score': 0.37910170366546203, 'support': 535}, 'weighted avg': {'precision': 0.4443778069946294, 'recall': 0.4747663551401869, 'f1-score': 0.3759128819496379, 'support': 535}};{'-1': {'precision': 0.4840764331210191, 'recall': 0.8636363636363636, 'f1-score': 0.6204081632653061, 'support': 264}, '1': {'precision': 0.42857142857142855, 'recall': 0.1, 'f1-score': 0.16216216216216217, 'support': 270}, 'accuracy': 0.47752808988764045, 'macro avg': {'precision': 0.4563239308462238, 'recall': 0.4818181818181818, 'f1-score': 0.39128516271373415, 'support': 534}, 'weighted avg': {'precision': 0.45601210497796774, 'recall': 0.47752808988764045, 'f1-score': 0.38871074697719965, 'support': 534}};{'-1': {'precision': 0.4924731182795699, 'recall': 0.8674242424242424, 'f1-score': 0.6282578875171468, 'support': 264}, '1': {'precision': 0.4927536231884058, 'recall': 0.1259259259259259, 'f1-score': 0.2005899705014749, 'support': 270}, 'accuracy': 0.49250936329588013, 'macro avg': {'precision': 0.49261337073398787, 'recall': 0.49667508417508416, 'f1-score': 0.41442392900931085, 'support': 534}, 'weighted avg': {'precision': 0.4926149466042623, 'recall': 0.49250936329588013, 'f1-score': 0.4120213002620318, 'support': 534}}
OCSVM_RBF_0.0001_auto_;{'-1': {'precision': 0.14285714285714285, 'recall': 0.003787878787878788, 'f1-score': 0.007380073800738008, 'support': 264}, '1': {'precision': 0.5018939393939394, 'recall': 0.977859778597786, 'f1-score': 0.6633291614518149, 'support': 271}, 'accuracy': 0.497196261682243, 'macro avg': {'precision': 0.3223755411255411, 'recall': 0.49082382869283236, 'f1-score': 0.33535461762627644, 'support': 535}, 'weighted avg': {'precision': 0.32472437998138937, 'recall': 0.497196261682243, 'f1-score': 0.33964587333988167, 'support': 535}};{'-1': {'precision': 0.25, 'recall': 0.003787878787878788, 'f1-score': 0.00746268656716418, 'support': 264}, '1': {'precision': 0.504708097928437, 'recall': 0.988929889298893, 'f1-score': 0.6683291770573567, 'support': 271}, 'accuracy': 0.502803738317757, 'macro avg': {'precision': 0.3773540489642185, 'recall': 0.4963588840433859, 'f1-score': 0.33789593181226046, 'support': 535}, 'weighted avg': {'precision': 0.3790203636235634, 'recall': 0.502803738317757, 'f1-score': 0.3422193574509813, 'support': 535}};{'-1': {'precision': 1.0, 'recall': 0.003787878787878788, 'f1-score': 0.007547169811320754, 'support': 264}, '1': {'precision': 0.5074906367041199, 'recall': 1.0, 'f1-score': 0.6732919254658385, 'support': 271}, 'accuracy': 0.508411214953271, 'macro avg': {'precision': 0.7537453183520599, 'recall': 0.5018939393939394, 'f1-score': 0.3404195476385796, 'support': 535}, 'weighted avg': {'precision': 0.7505232944800307, 'recall': 0.508411214953271, 'f1-score': 0.34477488716155313, 'support': 535}};{'-1': {'precision': 0.5, 'recall': 0.007575757575757576, 'f1-score': 0.01492537313432836, 'support': 264}, '1': {'precision': 0.5056603773584906, 'recall': 0.9925925925925926, 'f1-score': 0.67, 'support': 270}, 'accuracy': 0.5056179775280899, 'macro avg': {'precision': 0.5028301886792452, 'recall': 0.5000841750841751, 'f1-score': 0.3424626865671642, 'support': 534}, 'weighted avg': {'precision': 0.5028619885520458, 'recall': 0.5056179775280899, 'f1-score': 0.3461428811001174, 'support': 534}};{'-1': {'precision': 1.0, 'recall': 0.003787878787878788, 'f1-score': 0.007547169811320754, 'support': 264}, '1': {'precision': 0.5065666041275797, 'recall': 1.0, 'f1-score': 0.672478206724782, 'support': 270}, 'accuracy': 0.5074906367041199, 'macro avg': {'precision': 0.7532833020637899, 'recall': 0.5018939393939394, 'f1-score': 0.34001268826805137, 'support': 534}, 'weighted avg': {'precision': 0.7505112043341696, 'recall': 0.5074906367041199, 'f1-score': 0.3437482558911607, 'support': 534}}
OCSVM_RBF_0.001_auto_;{'-1': {'precision': 0.14285714285714285, 'recall': 0.003787878787878788, 'f1-score': 0.007380073800738008, 'support': 264}, '1': {'precision': 0.5018939393939394, 'recall': 0.977859778597786, 'f1-score': 0.6633291614518149, 'support': 271}, 'accuracy': 0.497196261682243, 'macro avg': {'precision': 0.3223755411255411, 'recall': 0.49082382869283236, 'f1-score': 0.33535461762627644, 'support': 535}, 'weighted avg': {'precision': 0.32472437998138937, 'recall': 0.497196261682243, 'f1-score': 0.33964587333988167, 'support': 535}};{'-1': {'precision': 0.25, 'recall': 0.003787878787878788, 'f1-score': 0.00746268656716418, 'support': 264}, '1': {'precision': 0.504708097928437, 'recall': 0.988929889298893, 'f1-score': 0.6683291770573567, 'support': 271}, 'accuracy': 0.502803738317757, 'macro avg': {'precision': 0.3773540489642185, 'recall': 0.4963588840433859, 'f1-score': 0.33789593181226046, 'support': 535}, 'weighted avg': {'precision': 0.3790203636235634, 'recall': 0.502803738317757, 'f1-score': 0.3422193574509813, 'support': 535}};{'-1': {'precision': 1.0, 'recall': 0.003787878787878788, 'f1-score': 0.007547169811320754, 'support': 264}, '1': {'precision': 0.5074906367041199, 'recall': 1.0, 'f1-score': 0.6732919254658385, 'support': 271}, 'accuracy': 0.508411214953271, 'macro avg': {'precision': 0.7537453183520599, 'recall': 0.5018939393939394, 'f1-score': 0.3404195476385796, 'support': 535}, 'weighted avg': {'precision': 0.7505232944800307, 'recall': 0.508411214953271, 'f1-score': 0.34477488716155313, 'support': 535}};{'-1': {'precision': 0.5, 'recall': 0.007575757575757576, 'f1-score': 0.01492537313432836, 'support': 264}, '1': {'precision': 0.5056603773584906, 'recall': 0.9925925925925926, 'f1-score': 0.67, 'support': 270}, 'accuracy': 0.5056179775280899, 'macro avg': {'precision': 0.5028301886792452, 'recall': 0.5000841750841751, 'f1-score': 0.3424626865671642, 'support': 534}, 'weighted avg': {'precision': 0.5028619885520458, 'recall': 0.5056179775280899, 'f1-score': 0.3461428811001174, 'support': 534}};{'-1': {'precision': 1.0, 'recall': 0.003787878787878788, 'f1-score': 0.007547169811320754, 'support': 264}, '1': {'precision': 0.5065666041275797, 'recall': 1.0, 'f1-score': 0.672478206724782, 'support': 270}, 'accuracy': 0.5074906367041199, 'macro avg': {'precision': 0.7532833020637899, 'recall': 0.5018939393939394, 'f1-score': 0.34001268826805137, 'support': 534}, 'weighted avg': {'precision': 0.7505112043341696, 'recall': 0.5074906367041199, 'f1-score': 0.3437482558911607, 'support': 534}}
OCSVM_RBF_0.005_auto_;{'-1': {'precision': 0.14285714285714285, 'recall': 0.003787878787878788, 'f1-score': 0.007380073800738008, 'support': 264}, '1': {'precision': 0.5018939393939394, 'recall': 0.977859778597786, 'f1-score': 0.6633291614518149, 'support': 271}, 'accuracy': 0.497196261682243, 'macro avg': {'precision': 0.3223755411255411, 'recall': 0.49082382869283236, 'f1-score': 0.33535461762627644, 'support': 535}, 'weighted avg': {'precision': 0.32472437998138937, 'recall': 0.497196261682243, 'f1-score': 0.33964587333988167, 'support': 535}};{'-1': {'precision': 0.25, 'recall': 0.003787878787878788, 'f1-score': 0.00746268656716418, 'support': 264}, '1': {'precision': 0.504708097928437, 'recall': 0.988929889298893, 'f1-score': 0.6683291770573567, 'support': 271}, 'accuracy': 0.502803738317757, 'macro avg': {'precision': 0.3773540489642185, 'recall': 0.4963588840433859, 'f1-score': 0.33789593181226046, 'support': 535}, 'weighted avg': {'precision': 0.3790203636235634, 'recall': 0.502803738317757, 'f1-score': 0.3422193574509813, 'support': 535}};{'-1': {'precision': 1.0, 'recall': 0.003787878787878788, 'f1-score': 0.007547169811320754, 'support': 264}, '1': {'precision': 0.5074906367041199, 'recall': 1.0, 'f1-score': 0.6732919254658385, 'support': 271}, 'accuracy': 0.508411214953271, 'macro avg': {'precision': 0.7537453183520599, 'recall': 0.5018939393939394, 'f1-score': 0.3404195476385796, 'support': 535}, 'weighted avg': {'precision': 0.7505232944800307, 'recall': 0.508411214953271, 'f1-score': 0.34477488716155313, 'support': 535}};{'-1': {'precision': 0.5, 'recall': 0.007575757575757576, 'f1-score': 0.01492537313432836, 'support': 264}, '1': {'precision': 0.5056603773584906, 'recall': 0.9925925925925926, 'f1-score': 0.67, 'support': 270}, 'accuracy': 0.5056179775280899, 'macro avg': {'precision': 0.5028301886792452, 'recall': 0.5000841750841751, 'f1-score': 0.3424626865671642, 'support': 534}, 'weighted avg': {'precision': 0.5028619885520458, 'recall': 0.5056179775280899, 'f1-score': 0.3461428811001174, 'support': 534}};{'-1': {'precision': 1.0, 'recall': 0.003787878787878788, 'f1-score': 0.007547169811320754, 'support': 264}, '1': {'precision': 0.5065666041275797, 'recall': 1.0, 'f1-score': 0.672478206724782, 'support': 270}, 'accuracy': 0.5074906367041199, 'macro avg': {'precision': 0.7532833020637899, 'recall': 0.5018939393939394, 'f1-score': 0.34001268826805137, 'support': 534}, 'weighted avg': {'precision': 0.7505112043341696, 'recall': 0.5074906367041199, 'f1-score': 0.3437482558911607, 'support': 534}}
OCSVM_RBF_0.01_auto_;{'-1': {'precision': 0.09090909090909091, 'recall': 0.003787878787878788, 'f1-score': 0.007272727272727273, 'support': 264}, '1': {'precision': 0.49809160305343514, 'recall': 0.9630996309963099, 'f1-score': 0.6566037735849057, 'support': 271}, 'accuracy': 0.4897196261682243, 'macro avg': {'precision': 0.29450034698126304, 'recall': 0.48344375489209435, 'f1-score': 0.33193825042881653, 'support': 535}, 'weighted avg': {'precision': 0.2971641578083756, 'recall': 0.4897196261682243, 'f1-score': 0.33618621054487746, 'support': 535}};{'-1': {'precision': 0.25, 'recall': 0.003787878787878788, 'f1-score': 0.00746268656716418, 'support': 264}, '1': {'precision': 0.504708097928437, 'recall': 0.988929889298893, 'f1-score': 0.6683291770573567, 'support': 271}, 'accuracy': 0.502803738317757, 'macro avg': {'precision': 0.3773540489642185, 'recall': 0.4963588840433859, 'f1-score': 0.33789593181226046, 'support': 535}, 'weighted avg': {'precision': 0.3790203636235634, 'recall': 0.502803738317757, 'f1-score': 0.3422193574509813, 'support': 535}};{'-1': {'precision': 0.5, 'recall': 0.003787878787878788, 'f1-score': 0.0075187969924812035, 'support': 264}, '1': {'precision': 0.5065666041275797, 'recall': 0.996309963099631, 'f1-score': 0.6716417910447761, 'support': 271}, 'accuracy': 0.5065420560747663, 'macro avg': {'precision': 0.5032833020637899, 'recall': 0.500048920943755, 'f1-score': 0.33958029401862866, 'support': 535}, 'weighted avg': {'precision': 0.5033262611562133, 'recall': 0.5065420560747663, 'f1-score': 0.34392502388626045, 'support': 535}};{'-1': {'precision': 0.3333333333333333, 'recall': 0.007575757575757576, 'f1-score': 0.014814814814814815, 'support': 264}, '1': {'precision': 0.5037878787878788, 'recall': 0.9851851851851852, 'f1-score': 0.6666666666666667, 'support': 270}, 'accuracy': 0.50187265917603, 'macro avg': {'precision': 0.4185606060606061, 'recall': 0.49638047138047137, 'f1-score': 0.3407407407407408, 'support': 534}, 'weighted avg': {'precision': 0.4195182158665305, 'recall': 0.50187265917603, 'f1-score': 0.34440282979608833, 'support': 534}};{'-1': {'precision': 1.0, 'recall': 0.003787878787878788, 'f1-score': 0.007547169811320754, 'support': 264}, '1': {'precision': 0.5065666041275797, 'recall': 1.0, 'f1-score': 0.672478206724782, 'support': 270}, 'accuracy': 0.5074906367041199, 'macro avg': {'precision': 0.7532833020637899, 'recall': 0.5018939393939394, 'f1-score': 0.34001268826805137, 'support': 534}, 'weighted avg': {'precision': 0.7505112043341696, 'recall': 0.5074906367041199, 'f1-score': 0.3437482558911607, 'support': 534}}
OCSVM_RBF_0.05_auto_;{'-1': {'precision': 0.29411764705882354, 'recall': 0.03787878787878788, 'f1-score': 0.06711409395973154, 'support': 264}, '1': {'precision': 0.4930139720558882, 'recall': 0.9114391143911439, 'f1-score': 0.6398963730569948, 'support': 271}, 'accuracy': 0.4803738317757009, 'macro avg': {'precision': 0.3935658095573559, 'recall': 0.47465895113496587, 'f1-score': 0.35350523350836316, 'support': 535}, 'weighted avg': {'precision': 0.3948670004685516, 'recall': 0.4803738317757009, 'f1-score': 0.35725240729684987, 'support': 535}};{'-1': {'precision': 0.42857142857142855, 'recall': 0.03409090909090909, 'f1-score': 0.0631578947368421, 'support': 264}, '1': {'precision': 0.5038910505836576, 'recall': 0.955719557195572, 'f1-score': 0.6598726114649681, 'support': 271}, 'accuracy': 0.5009345794392523, 'macro avg': {'precision': 0.4662312395775431, 'recall': 0.49490523314324053, 'f1-score': 0.3615152531009051, 'support': 535}, 'weighted avg': {'precision': 0.46672398476827726, 'recall': 0.5009345794392523, 'f1-score': 0.36541899423837887, 'support': 535}};{'-1': {'precision': 0.42857142857142855, 'recall': 0.03409090909090909, 'f1-score': 0.0631578947368421, 'support': 264}, '1': {'precision': 0.5038910505836576, 'recall': 0.955719557195572, 'f1-score': 0.6598726114649681, 'support': 271}, 'accuracy': 0.5009345794392523, 'macro avg': {'precision': 0.4662312395775431, 'recall': 0.49490523314324053, 'f1-score': 0.3615152531009051, 'support': 535}, 'weighted avg': {'precision': 0.46672398476827726, 'recall': 0.5009345794392523, 'f1-score': 0.36541899423837887, 'support': 535}};{'-1': {'precision': 0.37037037037037035, 'recall': 0.03787878787878788, 'f1-score': 0.06872852233676977, 'support': 264}, '1': {'precision': 0.4990138067061144, 'recall': 0.937037037037037, 'f1-score': 0.6512226512226512, 'support': 270}, 'accuracy': 0.49250936329588013, 'macro avg': {'precision': 0.43469208853824237, 'recall': 0.4874579124579124, 'f1-score': 0.3599755867797105, 'support': 534}, 'weighted avg': {'precision': 0.43541480447271286, 'recall': 0.49250936329588013, 'f1-score': 0.36324802570603565, 'support': 534}};{'-1': {'precision': 0.47058823529411764, 'recall': 0.030303030303030304, 'f1-score': 0.056939501779359435, 'support': 264}, '1': {'precision': 0.504835589941973, 'recall': 0.9666666666666667, 'f1-score': 0.6632782719186785, 'support': 270}, 'accuracy': 0.5037453183520599, 'macro avg': {'precision': 0.4877119126180453, 'recall': 0.4984848484848485, 'f1-score': 0.360108886849019, 'support': 534}, 'weighted avg': {'precision': 0.4879043134868534, 'recall': 0.5037453183520599, 'f1-score': 0.36351528443407133, 'support': 534}}
OCSVM_RBF_0.1_auto_;{'-1': {'precision': 0.37777777777777777, 'recall': 0.06439393939393939, 'f1-score': 0.11003236245954692, 'support': 264}, '1': {'precision': 0.4959183673469388, 'recall': 0.8966789667896679, 'f1-score': 0.6386333771353482, 'support': 271}, 'accuracy': 0.48598130841121495, 'macro avg': {'precision': 0.43684807256235825, 'recall': 0.4805364530918036, 'f1-score': 0.37433286979744756, 'support': 535}, 'weighted avg': {'precision': 0.4376209549240257, 'recall': 0.48598130841121495, 'f1-score': 0.377791007276635, 'support': 535}};{'-1': {'precision': 0.4090909090909091, 'recall': 0.06818181818181818, 'f1-score': 0.11688311688311688, 'support': 264}, '1': {'precision': 0.4989816700610998, 'recall': 0.9040590405904059, 'f1-score': 0.6430446194225721, 'support': 271}, 'accuracy': 0.491588785046729, 'macro avg': {'precision': 0.45403628957600445, 'recall': 0.486120429386112, 'f1-score': 0.3799638681528445, 'support': 535}, 'weighted avg': {'precision': 0.4546243599748749, 'recall': 0.491588785046729, 'f1-score': 0.38340604620684093, 'support': 535}};{'-1': {'precision': 0.3541666666666667, 'recall': 0.06439393939393939, 'f1-score': 0.10897435897435896, 'support': 264}, '1': {'precision': 0.4928131416837782, 'recall': 0.8856088560885609, 'f1-score': 0.6332453825857519, 'support': 271}, 'accuracy': 0.4803738317757009, 'macro avg': {'precision': 0.4234899041752225, 'recall': 0.47500139774125016, 'f1-score': 0.3711098707800554, 'support': 535}, 'weighted avg': {'precision': 0.42439693718935306, 'recall': 0.4803738317757009, 'f1-score': 0.37453968121489634, 'support': 535}};{'-1': {'precision': 0.3829787234042553, 'recall': 0.06818181818181818, 'f1-score': 0.11575562700964628, 'support': 264}, '1': {'precision': 0.4948665297741273, 'recall': 0.8925925925925926, 'f1-score': 0.6367239101717306, 'support': 270}, 'accuracy': 0.4850187265917603, 'macro avg': {'precision': 0.43892262658919134, 'recall': 0.48038720538720536, 'f1-score': 0.3762397685906884, 'support': 534}, 'weighted avg': {'precision': 0.4395512097710445, 'recall': 0.4850187265917603, 'f1-score': 0.3791665566983406, 'support': 534}};{'-1': {'precision': 0.42105263157894735, 'recall': 0.06060606060606061, 'f1-score': 0.10596026490066225, 'support': 264}, '1': {'precision': 0.5, 'recall': 0.9185185185185185, 'f1-score': 0.6475195822454308, 'support': 270}, 'accuracy': 0.4943820224719101, 'macro avg': {'precision': 0.4605263157894737, 'recall': 0.48956228956228953, 'f1-score': 0.37673992357304653, 'support': 534}, 'weighted avg': {'precision': 0.46096984033116495, 'recall': 0.4943820224719101, 'f1-score': 0.37978239164801714, 'support': 534}}
OCSVM_RBF_0.2_auto_;{'-1': {'precision': 0.4636363636363636, 'recall': 0.19318181818181818, 'f1-score': 0.27272727272727276, 'support': 264}, '1': {'precision': 0.4988235294117647, 'recall': 0.7822878228782287, 'f1-score': 0.6091954022988506, 'support': 271}, 'accuracy': 0.491588785046729, 'macro avg': {'precision': 0.48122994652406414, 'recall': 0.4877348205300235, 'f1-score': 0.44096133751306166, 'support': 535}, 'weighted avg': {'precision': 0.4814601429356789, 'recall': 0.491588785046729, 'f1-score': 0.44316253088409074, 'support': 535}};{'-1': {'precision': 0.49514563106796117, 'recall': 0.19318181818181818, 'f1-score': 0.27792915531335155, 'support': 264}, '1': {'precision': 0.5069444444444444, 'recall': 0.8081180811808119, 'f1-score': 0.6230440967283072, 'support': 271}, 'accuracy': 0.5046728971962616, 'macro avg': {'precision': 0.5010450377562028, 'recall': 0.500649949681315, 'f1-score': 0.45048662602082934, 'support': 535}, 'weighted avg': {'precision': 0.5011222262549274, 'recall': 0.5046728971962616, 'f1-score': 0.45274438731980576, 'support': 535}};{'-1': {'precision': 0.49504950495049505, 'recall': 0.1893939393939394, 'f1-score': 0.273972602739726, 'support': 264}, '1': {'precision': 0.5069124423963134, 'recall': 0.8118081180811808, 'f1-score': 0.6241134751773051, 'support': 271}, 'accuracy': 0.5046728971962616, 'macro avg': {'precision': 0.5009809736734042, 'recall': 0.5006010287375601, 'f1-score': 0.44904303895851555, 'support': 535}, 'weighted avg': {'precision': 0.5010585816753862, 'recall': 0.5046728971962616, 'f1-score': 0.4513336801800698, 'support': 535}};{'-1': {'precision': 0.46788990825688076, 'recall': 0.19318181818181818, 'f1-score': 0.2734584450402145, 'support': 264}, '1': {'precision': 0.4988235294117647, 'recall': 0.7851851851851852, 'f1-score': 0.6100719424460432, 'support': 270}, 'accuracy': 0.49250936329588013, 'macro avg': {'precision': 0.48335671883432274, 'recall': 0.48918350168350166, 'f1-score': 0.44176519374312884, 'support': 534}, 'weighted avg': {'precision': 0.4835305032228333, 'recall': 0.49250936329588013, 'f1-score': 0.44365628080720654, 'support': 534}};{'-1': {'precision': 0.47058823529411764, 'recall': 0.18181818181818182, 'f1-score': 0.26229508196721313, 'support': 264}, '1': {'precision': 0.5, 'recall': 0.8, 'f1-score': 0.6153846153846154, 'support': 270}, 'accuracy': 0.4943820224719101, 'macro avg': {'precision': 0.4852941176470588, 'recall': 0.49090909090909096, 'f1-score': 0.4388398486759143, 'support': 534}, 'weighted avg': {'precision': 0.48545935228023795, 'recall': 0.4943820224719101, 'f1-score': 0.440823497740057, 'support': 534}}
OCSVM_RBF_0.3_auto_;{'-1': {'precision': 0.46835443037974683, 'recall': 0.2803030303030303, 'f1-score': 0.3507109004739336, 'support': 264}, '1': {'precision': 0.4960212201591512, 'recall': 0.6900369003690037, 'f1-score': 0.5771604938271605, 'support': 271}, 'accuracy': 0.48785046728971965, 'macro avg': {'precision': 0.48218782526944903, 'recall': 0.485169965336017, 'f1-score': 0.46393569715054706, 'support': 535}, 'weighted avg': {'precision': 0.48236882295959466, 'recall': 0.48785046728971965, 'f1-score': 0.4654171430883719, 'support': 535}};{'-1': {'precision': 0.496551724137931, 'recall': 0.2727272727272727, 'f1-score': 0.35207823960880197, 'support': 264}, '1': {'precision': 0.5076923076923077, 'recall': 0.7306273062730627, 'f1-score': 0.5990922844175491, 'support': 271}, 'accuracy': 0.5046728971962616, 'macro avg': {'precision': 0.5021220159151194, 'recall': 0.5016772895001678, 'f1-score': 0.4755852620131755, 'support': 535}, 'weighted avg': {'precision': 0.5021948982374377, 'recall': 0.5046728971962616, 'f1-score': 0.4772012417455692, 'support': 535}};{'-1': {'precision': 0.47468354430379744, 'recall': 0.2840909090909091, 'f1-score': 0.35545023696682465, 'support': 264}, '1': {'precision': 0.4986737400530504, 'recall': 0.6937269372693727, 'f1-score': 0.5802469135802468, 'support': 271}, 'accuracy': 0.491588785046729, 'macro avg': {'precision': 0.48667864217842394, 'recall': 0.4889089231801409, 'f1-score': 0.46784857527353574, 'support': 535}, 'weighted avg': {'precision': 0.4868355873842602, 'recall': 0.491588785046729, 'f1-score': 0.46931920773736185, 'support': 535}};{'-1': {'precision': 0.4634146341463415, 'recall': 0.2878787878787879, 'f1-score': 0.3551401869158879, 'support': 264}, '1': {'precision': 0.4918918918918919, 'recall': 0.674074074074074, 'f1-score': 0.56875, 'support': 270}, 'accuracy': 0.48314606741573035, 'macro avg': {'precision': 0.4776532630191167, 'recall': 0.48097643097643095, 'f1-score': 0.46194509345794393, 'support': 534}, 'weighted avg': {'precision': 0.4778132476131928, 'recall': 0.48314606741573035, 'f1-score': 0.46314514858763, 'support': 534}};{'-1': {'precision': 0.4620253164556962, 'recall': 0.2765151515151515, 'f1-score': 0.3459715639810426, 'support': 264}, '1': {'precision': 0.4920212765957447, 'recall': 0.6851851851851852, 'f1-score': 0.5727554179566563, 'support': 270}, 'accuracy': 0.48314606741573035, 'macro avg': {'precision': 0.47702329652572045, 'recall': 0.48085016835016836, 'f1-score': 0.45936349096884943, 'support': 534}, 'weighted avg': {'precision': 0.4771918131557207, 'recall': 0.48314606741573035, 'f1-score': 0.46063755756421804, 'support': 534}}
OCSVM_RBF_0.4_auto_;{'-1': {'precision': 0.47619047619047616, 'recall': 0.3787878787878788, 'f1-score': 0.42194092827004215, 'support': 264}, '1': {'precision': 0.49538461538461537, 'recall': 0.5940959409594095, 'f1-score': 0.5402684563758389, 'support': 271}, 'accuracy': 0.48785046728971965, 'macro avg': {'precision': 0.4857875457875458, 'recall': 0.48644190987364416, 'f1-score': 0.4811046923229405, 'support': 535}, 'weighted avg': {'precision': 0.48591311492246064, 'recall': 0.48785046728971965, 'f1-score': 0.4818787976469971, 'support': 535}};{'-1': {'precision': 0.49504950495049505, 'recall': 0.3787878787878788, 'f1-score': 0.4291845493562232, 'support': 264}, '1': {'precision': 0.5075075075075075, 'recall': 0.6236162361623616, 'f1-score': 0.5596026490066225, 'support': 271}, 'accuracy': 0.502803738317757, 'macro avg': {'precision': 0.5012785062290013, 'recall': 0.5012020574751201, 'f1-score': 0.49439359918142284, 'support': 535}, 'weighted avg': {'precision': 0.5013600071803088, 'recall': 0.502803738317757, 'f1-score': 0.49524680170250024, 'support': 535}};{'-1': {'precision': 0.4722222222222222, 'recall': 0.38636363636363635, 'f1-score': 0.425, 'support': 264}, '1': {'precision': 0.49216300940438873, 'recall': 0.5793357933579336, 'f1-score': 0.5322033898305084, 'support': 271}, 'accuracy': 0.48411214953271026, 'macro avg': {'precision': 0.48219261581330547, 'recall': 0.482849714860785, 'f1-score': 0.47860169491525417, 'support': 535}, 'weighted avg': {'precision': 0.4823230695612261, 'recall': 0.48411214953271026, 'f1-score': 0.4793030255029304, 'support': 535}};{'-1': {'precision': 0.46788990825688076, 'recall': 0.38636363636363635, 'f1-score': 0.4232365145228216, 'support': 264}, '1': {'precision': 0.4873417721518987, 'recall': 0.5703703703703704, 'f1-score': 0.5255972696245734, 'support': 270}, 'accuracy': 0.4794007490636704, 'macro avg': {'precision': 0.47761584020438974, 'recall': 0.4783670033670034, 'f1-score': 0.4744168920736975, 'support': 534}, 'weighted avg': {'precision': 0.4777251203386314, 'recall': 0.4794007490636704, 'f1-score': 0.47499195249561743, 'support': 534}};{'-1': {'precision': 0.46601941747572817, 'recall': 0.36363636363636365, 'f1-score': 0.4085106382978724, 'support': 264}, '1': {'precision': 0.4878048780487805, 'recall': 0.5925925925925926, 'f1-score': 0.5351170568561873, 'support': 270}, 'accuracy': 0.4794007490636704, 'macro avg': {'precision': 0.4769121477622543, 'recall': 0.4781144781144781, 'f1-score': 0.4718138475770298, 'support': 534}, 'weighted avg': {'precision': 0.47703453799019285, 'recall': 0.4794007490636704, 'f1-score': 0.4725251195914024, 'support': 534}}
OCSVM_RBF_0.5_auto_;{'-1': {'precision': 0.4943820224719101, 'recall': 0.5, 'f1-score': 0.4971751412429378, 'support': 264}, '1': {'precision': 0.5074626865671642, 'recall': 0.5018450184501845, 'f1-score': 0.5046382189239331, 'support': 271}, 'accuracy': 0.5009345794392523, 'macro avg': {'precision': 0.5009223545195371, 'recall': 0.5009225092250922, 'f1-score': 0.5009066800834354, 'support': 535}, 'weighted avg': {'precision': 0.5010079289575435, 'recall': 0.5009345794392523, 'f1-score': 0.500955503956115, 'support': 535}};{'-1': {'precision': 0.49624060150375937, 'recall': 0.5, 'f1-score': 0.4981132075471698, 'support': 264}, '1': {'precision': 0.5092936802973977, 'recall': 0.5055350553505535, 'f1-score': 0.5074074074074074, 'support': 271}, 'accuracy': 0.502803738317757, 'macro avg': {'precision': 0.5027671409005785, 'recall': 0.5027675276752768, 'f1-score': 0.5027603074772886, 'support': 535}, 'weighted avg': {'precision': 0.5028525348739948, 'recall': 0.502803738317757, 'f1-score': 0.5028211106539444, 'support': 535}};{'-1': {'precision': 0.4835164835164835, 'recall': 0.5, 'f1-score': 0.49162011173184356, 'support': 264}, '1': {'precision': 0.4961832061068702, 'recall': 0.4797047970479705, 'f1-score': 0.4878048780487805, 'support': 271}, 'accuracy': 0.4897196261682243, 'macro avg': {'precision': 0.48984984481167687, 'recall': 0.4898523985239852, 'f1-score': 0.489712494890312, 'support': 535}, 'weighted avg': {'precision': 0.48993271122114673, 'recall': 0.4897196261682243, 'f1-score': 0.489687535417619, 'support': 535}};{'-1': {'precision': 0.49624060150375937, 'recall': 0.5, 'f1-score': 0.4981132075471698, 'support': 264}, '1': {'precision': 0.5074626865671642, 'recall': 0.5037037037037037, 'f1-score': 0.5055762081784386, 'support': 270}, 'accuracy': 0.50187265917603, 'macro avg': {'precision': 0.5018516440354618, 'recall': 0.5018518518518518, 'f1-score': 0.5018447078628042, 'support': 534}, 'weighted avg': {'precision': 0.5019146894571663, 'recall': 0.50187265917603, 'f1-score': 0.5018866348326428, 'support': 534}};{'-1': {'precision': 0.4870848708487085, 'recall': 0.5, 'f1-score': 0.4934579439252336, 'support': 264}, '1': {'precision': 0.49809885931558934, 'recall': 0.48518518518518516, 'f1-score': 0.4915572232645403, 'support': 270}, 'accuracy': 0.49250936329588013, 'macro avg': {'precision': 0.4925918650821489, 'recall': 0.4925925925925926, 'f1-score': 0.492507583594887, 'support': 534}, 'weighted avg': {'precision': 0.4926537414218505, 'recall': 0.49250936329588013, 'f1-score': 0.49249690538892804, 'support': 534}}
OCSVM_RBF_0.6_auto_;{'-1': {'precision': 0.49240121580547114, 'recall': 0.6136363636363636, 'f1-score': 0.5463743676222598, 'support': 264}, '1': {'precision': 0.5048543689320388, 'recall': 0.3837638376383764, 'f1-score': 0.4360587002096436, 'support': 271}, 'accuracy': 0.497196261682243, 'macro avg': {'precision': 0.498627792368755, 'recall': 0.49870010063737, 'f1-score': 0.49121653391595166, 'support': 535}, 'weighted avg': {'precision': 0.49870926159481666, 'recall': 0.497196261682243, 'f1-score': 0.4904948426338131, 'support': 535}};{'-1': {'precision': 0.49538461538461537, 'recall': 0.6098484848484849, 'f1-score': 0.5466893039049237, 'support': 264}, '1': {'precision': 0.5095238095238095, 'recall': 0.3948339483394834, 'f1-score': 0.4449064449064449, 'support': 271}, 'accuracy': 0.5009345794392523, 'macro avg': {'precision': 0.5024542124542124, 'recall': 0.5023412165939841, 'f1-score': 0.49579787440568424, 'support': 535}, 'weighted avg': {'precision': 0.5025467118551231, 'recall': 0.5009345794392523, 'f1-score': 0.49513200523466616, 'support': 535}};{'-1': {'precision': 0.49079754601226994, 'recall': 0.6060606060606061, 'f1-score': 0.5423728813559322, 'support': 264}, '1': {'precision': 0.5023923444976076, 'recall': 0.3874538745387454, 'f1-score': 0.4375, 'support': 271}, 'accuracy': 0.4953271028037383, 'macro avg': {'precision': 0.49659494525493875, 'recall': 0.4967572402996757, 'f1-score': 0.4899364406779661, 'support': 535}, 'weighted avg': {'precision': 0.49667079907680545, 'recall': 0.4953271028037383, 'f1-score': 0.4892503564074132, 'support': 535}};{'-1': {'precision': 0.5, 'recall': 0.6060606060606061, 'f1-score': 0.5479452054794521, 'support': 264}, '1': {'precision': 0.514018691588785, 'recall': 0.4074074074074074, 'f1-score': 0.45454545454545453, 'support': 270}, 'accuracy': 0.5056179775280899, 'macro avg': {'precision': 0.5070093457943925, 'recall': 0.5067340067340067, 'f1-score': 0.5012453300124533, 'support': 534}, 'weighted avg': {'precision': 0.5070881024887114, 'recall': 0.5056179775280899, 'f1-score': 0.500720612310577, 'support': 534}};{'-1': {'precision': 0.5047318611987381, 'recall': 0.6060606060606061, 'f1-score': 0.5507745266781412, 'support': 264}, '1': {'precision': 0.5207373271889401, 'recall': 0.4185185185185185, 'f1-score': 0.4640657084188911, 'support': 270}, 'accuracy': 0.5112359550561798, 'macro avg': {'precision': 0.512734594193839, 'recall': 0.5122895622895622, 'f1-score': 0.5074201175485161, 'support': 534}, 'weighted avg': {'precision': 0.5128245125420987, 'recall': 0.5112359550561798, 'f1-score': 0.5069329893560485, 'support': 534}}
OCSVM_RBF_0.7_auto_;{'-1': {'precision': 0.4837837837837838, 'recall': 0.678030303030303, 'f1-score': 0.5646687697160884, 'support': 264}, '1': {'precision': 0.48484848484848486, 'recall': 0.2952029520295203, 'f1-score': 0.3669724770642202, 'support': 271}, 'accuracy': 0.48411214953271026, 'macro avg': {'precision': 0.4843161343161343, 'recall': 0.48661662752991164, 'f1-score': 0.4658206233901543, 'support': 535}, 'weighted avg': {'precision': 0.4843230996502024, 'recall': 0.48411214953271026, 'f1-score': 0.4645272831578524, 'support': 535}};{'-1': {'precision': 0.49175824175824173, 'recall': 0.678030303030303, 'f1-score': 0.5700636942675159, 'support': 264}, '1': {'precision': 0.5029239766081871, 'recall': 0.3173431734317343, 'f1-score': 0.3891402714932126, 'support': 271}, 'accuracy': 0.4953271028037383, 'macro avg': {'precision': 0.4973411091832144, 'recall': 0.4976867382310186, 'f1-score': 0.47960198288036426, 'support': 535}, 'weighted avg': {'precision': 0.4974141560467188, 'recall': 0.4953271028037383, 'f1-score': 0.4784183717033361, 'support': 535}};{'-1': {'precision': 0.47619047619047616, 'recall': 0.6818181818181818, 'f1-score': 0.5607476635514018, 'support': 264}, '1': {'precision': 0.46496815286624205, 'recall': 0.2693726937269373, 'f1-score': 0.3411214953271028, 'support': 271}, 'accuracy': 0.47289719626168225, 'macro avg': {'precision': 0.4705793145283591, 'recall': 0.4755954377725595, 'f1-score': 0.4509345794392523, 'support': 535}, 'weighted avg': {'precision': 0.4705058974598828, 'recall': 0.47289719626168225, 'f1-score': 0.4494977727312429, 'support': 535}};{'-1': {'precision': 0.4904632152588556, 'recall': 0.6818181818181818, 'f1-score': 0.5705229793977813, 'support': 264}, '1': {'precision': 0.49700598802395207, 'recall': 0.3074074074074074, 'f1-score': 0.37986270022883295, 'support': 270}, 'accuracy': 0.49250936329588013, 'macro avg': {'precision': 0.4937346016414038, 'recall': 0.4946127946127946, 'f1-score': 0.4751928398133071, 'support': 534}, 'weighted avg': {'precision': 0.49377135879176964, 'recall': 0.49250936329588013, 'f1-score': 0.47412171464943664, 'support': 534}};{'-1': {'precision': 0.4972375690607735, 'recall': 0.6818181818181818, 'f1-score': 0.5750798722044729, 'support': 264}, '1': {'precision': 0.5116279069767442, 'recall': 0.32592592592592595, 'f1-score': 0.3981900452488688, 'support': 270}, 'accuracy': 0.50187265917603, 'macro avg': {'precision': 0.5044327380187589, 'recall': 0.5038720538720538, 'f1-score': 0.48663495872667084, 'support': 534}, 'weighted avg': {'precision': 0.5045135826137924, 'recall': 0.50187265917603, 'f1-score': 0.4856411956538866, 'support': 534}}
OCSVM_RBF_0.8_auto_;{'-1': {'precision': 0.4738095238095238, 'recall': 0.7537878787878788, 'f1-score': 0.5818713450292398, 'support': 264}, '1': {'precision': 0.43478260869565216, 'recall': 0.18450184501845018, 'f1-score': 0.25906735751295334, 'support': 271}, 'accuracy': 0.4654205607476635, 'macro avg': {'precision': 0.454296066252588, 'recall': 0.4691448619031645, 'f1-score': 0.4204693512710965, 'support': 535}, 'weighted avg': {'precision': 0.4540407499854879, 'recall': 0.4654205607476635, 'f1-score': 0.4183575494836068, 'support': 535}};{'-1': {'precision': 0.48184019370460046, 'recall': 0.7537878787878788, 'f1-score': 0.587887740029542, 'support': 264}, '1': {'precision': 0.4672131147540984, 'recall': 0.21033210332103322, 'f1-score': 0.29007633587786263, 'support': 271}, 'accuracy': 0.4785046728971963, 'macro avg': {'precision': 0.4745266542293494, 'recall': 0.482059991054456, 'f1-score': 0.43898203795370233, 'support': 535}, 'weighted avg': {'precision': 0.47443096305864524, 'recall': 0.4785046728971963, 'f1-score': 0.43703373904803716, 'support': 535}};{'-1': {'precision': 0.47044917257683216, 'recall': 0.7537878787878788, 'f1-score': 0.5793304221251819, 'support': 264}, '1': {'precision': 0.41964285714285715, 'recall': 0.17343173431734318, 'f1-score': 0.24543080939947778, 'support': 271}, 'accuracy': 0.45981308411214955, 'macro avg': {'precision': 0.44504601485984463, 'recall': 0.46360980655261097, 'f1-score': 0.41238061576232987, 'support': 535}, 'weighted avg': {'precision': 0.4447136370953233, 'recall': 0.45981308411214955, 'f1-score': 0.4101962257725355, 'support': 535}};{'-1': {'precision': 0.47268408551068886, 'recall': 0.7537878787878788, 'f1-score': 0.581021897810219, 'support': 264}, '1': {'precision': 0.4247787610619469, 'recall': 0.17777777777777778, 'f1-score': 0.2506527415143603, 'support': 270}, 'accuracy': 0.46254681647940077, 'macro avg': {'precision': 0.4487314232863179, 'recall': 0.4657828282828283, 'f1-score': 0.41583731966228965, 'support': 534}, 'weighted avg': {'precision': 0.44846229225008905, 'recall': 0.46254681647940077, 'f1-score': 0.41398131316624553, 'support': 534}};{'-1': {'precision': 0.4975, 'recall': 0.7537878787878788, 'f1-score': 0.5993975903614458, 'support': 264}, '1': {'precision': 0.5149253731343284, 'recall': 0.25555555555555554, 'f1-score': 0.34158415841584155, 'support': 270}, 'accuracy': 0.50187265917603, 'macro avg': {'precision': 0.5062126865671642, 'recall': 0.5046717171717172, 'f1-score': 0.4704908743886437, 'support': 534}, 'weighted avg': {'precision': 0.5063105819218514, 'recall': 0.50187265917603, 'f1-score': 0.4690424843215335, 'support': 534}}
OCSVM_RBF_0.9_auto_;{'-1': {'precision': 0.4845360824742268, 'recall': 0.8901515151515151, 'f1-score': 0.6275033377837116, 'support': 264}, '1': {'precision': 0.42, 'recall': 0.07749077490774908, 'f1-score': 0.13084112149532712, 'support': 271}, 'accuracy': 0.4785046728971963, 'macro avg': {'precision': 0.4522680412371134, 'recall': 0.48382114502963214, 'f1-score': 0.37917222963951935, 'support': 535}, 'weighted avg': {'precision': 0.4518458425667213, 'recall': 0.4785046728971963, 'f1-score': 0.375923037570343, 'support': 535}};{'-1': {'precision': 0.4890829694323144, 'recall': 0.8484848484848485, 'f1-score': 0.6204986149584488, 'support': 264}, '1': {'precision': 0.4805194805194805, 'recall': 0.13653136531365315, 'f1-score': 0.21264367816091956, 'support': 271}, 'accuracy': 0.48785046728971965, 'macro avg': {'precision': 0.48480122497589745, 'recall': 0.49250810689925084, 'f1-score': 0.4165711465596842, 'support': 535}, 'weighted avg': {'precision': 0.4847452021512341, 'recall': 0.48785046728971965, 'f1-score': 0.41390293669278444, 'support': 535}};{'-1': {'precision': 0.48643006263048016, 'recall': 0.8825757575757576, 'f1-score': 0.6271870794078063, 'support': 264}, '1': {'precision': 0.44642857142857145, 'recall': 0.09225092250922509, 'f1-score': 0.1529051987767584, 'support': 271}, 'accuracy': 0.4822429906542056, 'macro avg': {'precision': 0.46642931702952584, 'recall': 0.4874133400424913, 'f1-score': 0.39004613909228236, 'support': 535}, 'weighted avg': {'precision': 0.4661676250310086, 'recall': 0.4822429906542056, 'f1-score': 0.3869433604339484, 'support': 535}};{'-1': {'precision': 0.4865979381443299, 'recall': 0.8939393939393939, 'f1-score': 0.630173564753004, 'support': 264}, '1': {'precision': 0.42857142857142855, 'recall': 0.07777777777777778, 'f1-score': 0.13166144200626959, 'support': 270}, 'accuracy': 0.4812734082397004, 'macro avg': {'precision': 0.4575846833578792, 'recall': 0.4858585858585859, 'f1-score': 0.3809175033796368, 'support': 534}, 'weighted avg': {'precision': 0.4572586917310652, 'recall': 0.4812734082397004, 'f1-score': 0.3781168734765653, 'support': 534}};{'-1': {'precision': 0.4924731182795699, 'recall': 0.8674242424242424, 'f1-score': 0.6282578875171468, 'support': 264}, '1': {'precision': 0.4927536231884058, 'recall': 0.1259259259259259, 'f1-score': 0.2005899705014749, 'support': 270}, 'accuracy': 0.49250936329588013, 'macro avg': {'precision': 0.49261337073398787, 'recall': 0.49667508417508416, 'f1-score': 0.41442392900931085, 'support': 534}, 'weighted avg': {'precision': 0.4926149466042623, 'recall': 0.49250936329588013, 'f1-score': 0.4120213002620318, 'support': 534}}
